{"c": 0.0203, "d": 0.0001, "dp": 0.495, "h": 0.02224, "l": 0.0203, "o": 0.02224, "pc": 0.0202, "t": 1734998400}