{"c": 0.20485, "d": 0.00365, "dp": 1.8141, "h": 0.2115, "l": 0.1946, "o": 0.205, "pc": 0.2012, "t": 1738172940}