{"c": 0.0183, "d": -0.00065, "dp": -3.4301, "h": 0.0183, "l": 0.0183, "o": 0.0183, "pc": 0.01895, "t": 1737590400}