{"c": 0.2685, "d": -0.00395, "dp": -1.4498, "h": 0.2845, "l": 0.2625, "o": 0.2845, "pc": 0.27245, "t": 1738172580}