{"c": 0.399199, "d": -0.019801, "dp": -4.7258, "h": 0.432, "l": 0.3815, "o": 0.432, "pc": 0.419, "t": 1738172640}