{"c": 0.0922, "d": 0.0047, "dp": 5.3714, "h": 0.093751, "l": 0.0875, "o": 0.093751, "pc": 0.0875, "t": 1738098000}