{"c": 0.07995, "d": 0.00495, "dp": 6.6, "h": 0.08, "l": 0.071, "o": 0.071, "pc": 0.075, "t": 1738169640}