{"c": 0.002925, "d": -0.000375, "dp": -11.3636, "h": 0.0042, "l": 0.002925, "o": 0.0042, "pc": 0.0033, "t": 1737072000}