{"c": 0.336501, "d": 0.012182, "dp": 3.7562, "h": 0.336501, "l": 0.336501, "o": 0.336501, "pc": 0.324319, "t": 1738164480}