{"c": 0.03, "d": 0.00595, "dp": 24.7401, "h": 0.035, "l": 0.028, "o": 0.028, "pc": 0.02405, "t": 1737936000}